{"bkgKStarL_c6": {"getVal": -0.48716701015016994, "getError": 0.0, "getErrorHi": 0.0, "getErrorLo": -0.0, "isConstant": true, "getMax": 10.0, "getMin": -10.0}, "x3_ts": {"getVal": -0.008979580234203866, "getError": 0.01699068990897601, "getErrorHi": 0.01699068762132631, "getErrorLo": -0.01699068761878527, "isConstant": true, "getMax": 30.0, "getMin": -30.0}, "x14_ts": {"getVal": -0.007903647930685764, "getError": 0.14724718156562666, "getErrorHi": 0.1472482322978612, "getErrorLo": -0.1472482322440899, "isConstant": true, "getMax": 30.0, "getMin": -30.0}, "effiFitter_2016.CosThetaK": {"nll": 13.529117525563075, "covQual": 3, "MINIMIZE": 0, "HESSE": 0, "MINOS": 0}, "x12_ts": {"getVal": 0.03674207892884951, "getError": 0.09576679639152985, "getErrorHi": 0.09576685106697733, "getErrorLo": -0.09576685099930607, "isConstant": true, "getMax": 30.0, "getMin": -30.0}, "Kstar_mass_mu": {"getVal": 5.3980430689747045, "getError": 0.0, "getErrorHi": 0.0, "getErrorLo": -0.0, "isConstant": true, "getMax": 5.45, "getMin": 5.25}, "x5_ts": {"getVal": -0.0006558298478260838, "getError": 0.014714238988826622, "getErrorHi": 0.014714246676438584, "getErrorLo": -0.014714246676722179, "isConstant": true, "getMax": 30.0, "getMin": -30.0}, "unboundAfb_RECO": {"getVal": -0.01768289351457497, "getError": 0.004422960519150365, "getErrorHi": 0.004422960519150365, "getErrorLo": -0.004422960519150365, "isConstant": true, "getMax": 30000.0, "getMin": -30000.0}, "syst_randEffi_fl": {"getError": 0.011313866077184133, "getErrorHi": 0.011313866077184133, "getErrorLo": -0.011313866077184133}, "x21_ts": {"getVal": -0.13502956392216348, "getError": 0.08778834065452301, "getErrorHi": 0.0877886958190207, "getErrorLo": -0.08778869581993236, "isConstant": true, "getMax": 30.0, "getMin": -30.0}, "bkgCombK_c2": {"getVal": -0.08404429444535033, "getError": 0.0, "getErrorHi": 0.0, "getErrorLo": -0.0, "isConstant": true, "getMax": 10.0, "getMin": -10.0}, "sigM_delta2": {"getVal": 1.7905704895386567, "getError": 0.0, "getErrorHi": 0.0, "getErrorLo": -0.0, "isConstant": true, "getMax": 10.0, "getMin": 1e-06}, "x7_ts": {"getVal": -0.00989203024900931, "getError": 0.03273382960592208, "getErrorHi": 0.032733870455434806, "getErrorLo": -0.0327338704492219, "isConstant": true, "getMax": 30.0, "getMin": -30.0}, "nBkgComb": {"getVal": 110.26204743260107, "getError": 16.018404815694815, "getErrorHi": 16.018404815694815, "getErrorLo": -16.018404815694815, "isConstant": true, "getMax": 1000.0, "getMin": 1.0}, "effi_norm_ts": {"getVal": 0.1451594775506561, "getError": 0.0004688336647056257, "getErrorHi": 0.00046883356682187366, "getErrorLo": -0.0004688335666623196, "isConstant": true, "getMax": 1.0, "getMin": 0.0}, "bkgKStarL_c2": {"getVal": -0.31234095811851326, "getError": 0.0, "getErrorHi": 0.0, "getErrorLo": -0.0, "isConstant": true, "getMax": 10.0, "getMin": -10.0}, "x9_ts": {"getVal": -0.020579022118859314, "getError": 0.0504429124339385, "getErrorHi": 0.050442962112445595, "getErrorLo": -0.050442962126715896, "isConstant": true, "getMax": 30.0, "getMin": -30.0}, "sig3DFitter_2016.StdFitter": {"nll": -186168.55559740477, "covQual": 3, "MIGRAD": 0, "HESSE": 0}, "bkgCombL_c6": {"getVal": 0.25211108743733135, "getError": 0.0, "getErrorHi": 0.0, "getErrorLo": -0.0, "isConstant": true, "getMax": 10.0, "getMin": -10.0}, "effiFitter_2016.CosThetaL": {"nll": 15.293358552428215, "covQual": 3, "MINIMIZE": 0, "HESSE": 0, "MINOS": 0}, "x19_ts": {"getVal": -0.0029383235355631143, "getError": 0.08333719612935653, "getErrorHi": 0.08333734934787239, "getErrorLo": -0.08333734932511994, "isConstant": true, "getMax": 30.0, "getMin": -30.0}, "x17_ts": {"getVal": 0.003855113362337903, "getError": 0.056730214565652304, "getErrorHi": 0.05673030835288457, "getErrorLo": -0.05673030836291497, "isConstant": true, "getMax": 30.0, "getMin": -30.0}, "bkgKStarL_c3": {"getVal": 0.11395567705825727, "getError": 0.0, "getErrorHi": 0.0, "getErrorLo": -0.0, "isConstant": true, "getMax": 10.0, "getMin": -10.0}, "nSig": {"getVal": 120.20903809208413, "getError": 15.12913394683811, "getErrorHi": 15.12913394683811, "getErrorLo": -15.12913394683811, "isConstant": true, "getMax": 1000.0, "getMin": 1.0}, "x13_ts": {"getVal": 0.11078156965441721, "getError": 0.11805739289521888, "getErrorHi": 0.11805759476321542, "getErrorLo": -0.11805759477890113, "isConstant": true, "getMax": 30.0, "getMin": -30.0}, "x24_ts": {"getVal": -0.005185000650957505, "getError": 0.17722363119791673, "getErrorHi": 0.17722520591883842, "getErrorLo": -0.17722520599022026, "isConstant": true, "getMax": 30.0, "getMin": -30.0}, "x11_ts": {"getVal": 0.10695762725822533, "getError": 0.07009120800134738, "getErrorHi": 0.07009145118027117, "getErrorLo": -0.07009145117964438, "isConstant": true, "getMax": 30.0, "getMin": -30.0}, "bkgCombK_c1": {"getVal": 0.04242432246587313, "getError": 0.0, "getErrorHi": 0.0, "getErrorLo": -0.0, "isConstant": true, "getMax": 10.0, "getMin": -10.0}, "bkgKStarL_c4": {"getVal": 0.005205053278862337, "getError": 0.0, "getErrorHi": 0.0, "getErrorLo": -0.0, "isConstant": true, "getMax": 10.0, "getMin": -10.0}, "sigM_delta1": {"getVal": 2.439204455158601, "getError": 0.0, "getErrorHi": 0.0, "getErrorLo": -0.0, "isConstant": true, "getMax": 10.0, "getMin": 1e-06}, "x20_ts": {"getVal": 0.006004141147389674, "getError": 0.0512244387534988, "getErrorHi": 0.051224571218244565, "getErrorLo": -0.05122457119220092, "isConstant": true, "getMax": 30.0, "getMin": -30.0}, "l2_ts": {"getVal": 0.6650949673421351, "getError": 0.10048380677214475, "getErrorHi": 0.10122286900113774, "getErrorLo": -0.100101250090915, "isConstant": true, "getMax": 10.0, "getMin": -10.0}, "bkgKStarL_c5": {"getVal": -0.14869438264723556, "getError": 0.0, "getErrorHi": 0.0, "getErrorLo": -0.0, "isConstant": true, "getMax": 10.0, "getMin": -10.0}, "k1_ts": {"getVal": -0.012868714121029967, "getError": 0.01380402075890963, "getErrorHi": 0.013804030803819983, "getErrorLo": -0.01380567245490813, "isConstant": true, "getMax": 10.0, "getMin": -10.0}, "bkgCombL_c5": {"getVal": -0.06884067634519297, "getError": 0.0, "getErrorHi": 0.0, "getErrorLo": -0.0, "isConstant": true, "getMax": 10.0, "getMin": -10.0}, "l4_ts": {"getVal": -0.15025034437019613, "getError": 0.28184199831633006, "getErrorHi": 0.2811878804422373, "getErrorLo": -0.28365535934432184, "isConstant": true, "getMax": 10.0, "getMin": -10.0}, "Kstar_mass_delta": {"getVal": 1.3895708296706912, "getError": 0.0, "getErrorHi": 0.0, "getErrorLo": -0.0, "isConstant": true, "getMax": 10.0, "getMin": 1e-06}, "k3_ts": {"getVal": 0.009693105383840717, "getError": 0.02037081900025317, "getErrorHi": 0.020372904820931913, "getErrorLo": -0.020371918499309086, "isConstant": true, "getMax": 10.0, "getMin": -10.0}, "x1_ts": {"getVal": -0.010278529857497887, "getError": 0.009687763701691665, "getErrorHi": 0.009687776542126252, "getErrorLo": -0.009687776542048226, "isConstant": true, "getMax": 30.0, "getMin": -30.0}, "x18_ts": {"getVal": -0.08623136719373647, "getError": 0.06785430460223019, "getErrorHi": 0.06785435210685882, "getErrorLo": -0.06785435210594856, "isConstant": true, "getMax": 30.0, "getMin": -30.0}, "l6_ts": {"getVal": -0.6729191670327968, "getError": 0.2082951365180854, "getErrorHi": 0.20945863940271192, "getErrorLo": -0.20793717743307202, "isConstant": true, "getMax": 10.0, "getMin": -10.0}, "x16_ts": {"getVal": 0.1754013162972896, "getError": 0.04211680869095247, "getErrorHi": 0.042116834280507165, "getErrorLo": -0.04211683429306913, "isConstant": true, "getMax": 30.0, "getMin": -30.0}, "syst_randEffi_afb": {"getError": 0.044697270371030995, "getErrorHi": 0.044697270371030995, "getErrorLo": -0.044697270371030995}, "hasXTerm_ts": {"getVal": 1.0, "getError": 0.0, "getErrorHi": 0.0, "getErrorLo": -0.0, "isConstant": true, "getMax": 1e+30, "getMin": -1e+30}, "bkgKStarK_c4": {"getVal": -0.02778571942001662, "getError": 0.0, "getErrorHi": 0.0, "getErrorLo": -0.0, "isConstant": true, "getMax": 10.0, "getMin": -10.0},